None,1,0
1,2,9.03911318911694
1,1,15.4541131982126
2,2,16.5411901091994
