None,1,0
1,2,5.91680698519005
1,1,8.87042457759449
2,2,14.3125059566079
