None,1,0
1,2,3.99902397370904
1,3,6.95601573292088
1,1,4.72703050572633
2,2,7.39983533993734
3,3,13.8938364311778
