None,1,0
1,2,7.58542566861048
1,3,3.54873618668991
1,4,7.34691513993061
1,1,8.8513816004988
2,2,13.5964134003247
3,3,10.8545265748201
4,4,11.6666640900962
