None,1,0
1,2,1
1,3,1
1,6,1
1,4,1.63411609776467
1,5,2.46480712049851
1,1,4.808482379865
5,5,4.9150974912408
2,7,5.13384974200805
3,3,5.27367197387632
2,8,5.68361562461848
4,4,6.36352822571711
6,6,6.92563535542982
2,2,6.94143502156835
8,8,12.742268049096
7,7,18.2823646988388
