None,1,0
1,2,4.18910886074435
1,3,7.49637369804434
3,3,14.2648490994602
2,2,14.7917701050625
1,1,16.4845471596963
